Workbook
Name EcommData: Tablo2[#All]

Sheet Data Dict
B2: Data | C2: Variable | D2: Discerption
B3: E Comm | C3: CustomerID | D3: Unique customer ID
B4: E Comm | C4: Churn | D4: Churn Flag
B5: E Comm | C5: Tenure | D5: Tenure of customer in organization
B6: E Comm | C6: PreferredLoginDevice | D6: Preferred login device of customer
B7: E Comm | C7: CityTier | D7: City tier
B8: E Comm | C8: WarehouseToHome | D8: Distance in between warehouse to home of customer
B9: E Comm | C9: PreferredPaymentMode | D9: Preferred payment method of customer
B10: E Comm | C10: Gender | D10: Gender of customer
B11: E Comm | C11: HourSpendOnApp | D11: Number of hours spend on mobile application or website
B12: E Comm | C12: NumberOfDeviceRegistered | D12: Total number of deceives is registered on particular customer
B13: E Comm | C13: PreferedOrderCat | D13: Preferred order category of customer in last month
... B22: E Comm | C22: CashbackAmount | D22: Average cashback in last month

Sheet Raw Data
A1: CustomerID | B1: Churn | C1: Tenure | D1: PreferredLoginDevice | E1: CityTier | F1: WarehouseToHome | G1: PreferredPaymentMode | H1: Gender | I1: HourSpendOnApp | J1: NumberOfDeviceRegistered | K1: PreferedOrderCat | L1: SatisfactionScore | M1: MaritalStatus | N1: NumberOfAddress | O1: Complain | P1: OrderAmountHikeFromlastYear | Q1: CouponUsed | R1: OrderCount | S1: DaySinceLastOrder | T1: CashbackAmount
A2: 50001 | B2: 1 | C2: 4 | D2: Mobile Phone | E2: 3 | F2: 6 | G2: Debit Card | H2: Female | I2: 3 | J2: 3 | K2: Laptop & Accessory | L2: 2 | M2: Single | N2: 9 | O2: 1 | P2: 11 | Q2: 1 | R2: 1 | S2: 5 | T2: 159.93
A3: 50002 | B3: 1 | D3: Phone | E3: 1 | F3: 8 | G3: UPI | H3: Male | I3: 3 | J3: 4 | K3: Mobile | L3: 3 | M3: Single | N3: 7 | O3: 1 | P3: 15 | Q3: 0 | R3: 1 | S3: 0 | T3: 120.9
A4: 50003 | B4: 1 | D4: Phone | E4: 1 | F4: 30 | G4: Debit Card | H4: Male | I4: 2 | J4: 4 | K4: Mobile | L4: 3 | M4: Single | N4: 6 | O4: 1 | P4: 14 | Q4: 0 | R4: 1 | S4: 3 | T4: 120.28
A5: 50004 | B5: 1 | C5: 0 | D5: Phone | E5: 3 | F5: 15 | G5: Debit Card | H5: Male | I5: 2 | J5: 4 | K5: Laptop & Accessory | L5: 5 | M5: Single | N5: 8 | O5: 0 | P5: 23 | Q5: 0 | R5: 1 | S5: 3 | T5: 134.07
A6: 50005 | B6: 1 | C6: 0 | D6: Phone | E6: 1 | F6: 12 | G6: CC | H6: Male | J6: 3 | K6: Mobile | L6: 5 | M6: Single | N6: 3 | O6: 0 | P6: 11 | Q6: 1 | R6: 1 | S6: 3 | T6: 129.6
A7: 50006 | B7: 1 | C7: 0 | D7: Computer | E7: 1 | F7: 22 | G7: Debit Card | H7: Female | I7: 3 | J7: 5 | K7: Mobile Phone | L7: 5 | M7: Single | N7: 2 | O7: 1 | P7: 22 | Q7: 4 | R7: 6 | S7: 7 | T7: 139.19
A8: 50007 | B8: 1 | D8: Phone | E8: 3 | F8: 11 | G8: Cash on Delivery | H8: Male | I8: 2 | J8: 3 | K8: Laptop & Accessory | L8: 2 | M8: Divorced | N8: 4 | O8: 0 | P8: 14 | Q8: 0 | R8: 1 | S8: 0 | T8: 120.86
A9: 50008 | B9: 1 | D9: Phone | E9: 1 | F9: 6 | G9: CC | H9: Male | I9: 3 | J9: 3 | K9: Mobile | L9: 2 | M9: Divorced | N9: 3 | O9: 1 | P9: 16 | Q9: 2 | R9: 2 | S9: 0 | T9: 122.93
A10: 50009 | B10: 1 | C10: 13 | D10: Phone | E10: 3 | F10: 9 | G10: E wallet | H10: Male | J10: 4 | K10: Mobile | L10: 3 | M10: Divorced | N10: 2 | O10: 1 | P10: 14 | Q10: 0 | R10: 1 | S10: 2 | T10: 126.83
A11: 50010 | B11: 1 | D11: Phone | E11: 1 | F11: 31 | G11: Debit Card | H11: Male | I11: 2 | J11: 5 | K11: Mobile | L11: 3 | M11: Single | N11: 2 | O11: 0 | P11: 12 | Q11: 1 | R11: 1 | S11: 1 | T11: 122.93
A12: 50011 | B12: 1 | C12: 4 | D12: Mobile Phone | E12: 1 | F12: 18 | G12: Cash on Delivery | H12: Female | I12: 2 | J12: 3 | K12: Others | L12: 3 | M12: Divorced | N12: 2 | O12: 0 | Q12: 9 | R12: 15 | S12: 8 | T12: 295.45
A13: 50012 | B13: 1 | C13: 11 | D13: Mobile Phone | E13: 1 | F13: 6 | G13: Debit Card | H13: Male | I13: 3 | J13: 4 | K13: Fashion | L13: 3 | M13: Single | N13: 10 | O13: 1 | P13: 13 | Q13: 0 | R13: 1 | S13: 0 | T13: 153.81
A14: 50013 | B14: 1 | C14: 0 | D14: Phone | E14: 1 | F14: 11 | G14: COD | H14: Male | I14: 2 | J14: 3 | K14: Mobile | L14: 3 | M14: Single | N14: 2 | O14: 1 | P14: 13 | Q14: 2 | R14: 2 | S14: 2 | T14: 134.41
A15: 50014 | B15: 1 | C15: 0 | D15: Phone | E15: 1 | F15: 15 | G15: CC | H15: Male | I15: 3 | J15: 4 | K15: Mobile | L15: 3 | M15: Divorced | N15: 1 | O15: 1 | P15: 17 | Q15: 0 | R15: 1 | S15: 0 | T15: 133.88
A16: 50015 | B16: 1 | C16: 9 | D16: Mobile Phone | E16: 3 | F16: 15 | G16: Credit Card | H16: Male | I16: 3 | J16: 4 | K16: Fashion | L16: 2 | M16: Single | N16: 2 | O16: 0 | P16: 16 | Q16: 0 | R16: 4 | S16: 7 | T16: 196.19
A17: 50016 | B17: 1 | D17: Phone | E17: 2 | F17: 12 | G17: UPI | H17: Male | I17: 3 | J17: 3 | K17: Mobile | L17: 5 | M17: Married | N17: 5 | O17: 1 | P17: 22 | Q17: 1 | R17: 1 | S17: 2 | T17: 120.73
A18: 50017 | B18: 1 | C18: 0 | D18: Computer | E18: 1 | F18: 12 | G18: Debit Card | H18: Female | J18: 4 | K18: Mobile | L18: 2 | M18: Single | N18: 2 | O18: 1 | P18: 18 | Q18: 1 | R18: 1 | S18: 0 | T18: 129.26
A19: 50018 | B19: 1 | C19: 0 | D19: Mobile Phone | E19: 3 | F19: 11 | G19: E wallet | H19: Male | I19: 2 | J19: 4 | K19: Laptop & Accessory | L19: 3 | M19: Single | N19: 2 | O19: 1 | P19: 11 | Q19: 1 | R19: 1 | S19: 3 | T19: 157.44
A20: 50019 | B20: 1 | C20: 0 | D20: Computer | E20: 1 | F20: 13 | G20: Debit Card | H20: Male | I20: 3 | J20: 5 | K20: Laptop & Accessory | L20: 3 | M20: Single | N20: 2 | O20: 1 | P20: 24 | Q20: 1 | R20: 1 | S20: 6 | T20: 160.74
A21: 50020 | B21: 1 | C21: 19 | D21: Mobile Phone | E21: 1 | F21: 20 | G21: Debit Card | H21: Female | I21: 3 | J21: 3 | K21: Mobile Phone | L21: 4 | M21: Divorced | N21: 10 | O21: 1 | P21: 18 | Q21: 1 | R21: 4 | S21: 3 | T21: 149.63
A22: 50021 | B22: 1 | C22: 0 | D22: Mobile Phone | E22: 3 | F22: 12 | G22: Debit Card | H22: Male | I22: 3 | J22: 5 | K22: Laptop & Accessory | L22: 3 | M22: Divorced | N22: 5 | O22: 1 | P22: 18 | Q22: 6 | R22: 7 | S22: 7 | T22: 161.72
A23: 50022 | B23: 1 | C23: 20 | D23: Mobile Phone | E23: 1 | F23: 29 | G23: Credit Card | H23: Female | I23: 3 | J23: 3 | K23: Fashion | L23: 2 | M23: Divorced | N23: 2 | O23: 0 | P23: 12 | Q23: 11 | R23: 15 | S23: 6 | T23: 203.12
A24: 50023 | B24: 1 | D24: Mobile Phone | E24: 3 | F24: 28 | G24: E wallet | H24: Male | I24: 2 | J24: 3 | K24: Mobile Phone | L24: 3 | M24: Single | N24: 2 | O24: 1 | P24: 19 | Q24: 0 | R24: 1 | S24: 0 | T24: 116.75
A25: 50024 | B25: 1 | C25: 0 | D25: Phone | E25: 3 | F25: 26 | G25: Debit Card | H25: Female | I25: 3 | J25: 5 | K25: Laptop & Accessory | L25: 3 | M25: Divorced | N25: 4 | O25: 1 | P25: 11 | Q25: 1 | R25: 2 | S25: 2 | T25: 145.59
A26: 50025 | B26: 1 | C26: 14 | D26: Computer | E26: 1 | F26: 14 | G26: Debit Card | H26: Male | I26: 2 | J26: 5 | K26: Fashion | L26: 2 | M26: Single | N26: 3 | O26: 0 | P26: 15 | Q26: 0 | R26: 1 | S26: 3 | T26: 206.5
A27: 50026 | B27: 1 | C27: 0 | D27: Phone | E27: 1 | F27: 15 | G27: Credit Card | H27: Female | I27: 2 | J27: 3 | K27: Mobile Phone | L27: 5 | M27: Single | N27: 8 | O27: 0 | P27: 22 | Q27: 1 | R27: 1 | S27: 4 | T27: 142
A28: 50027 | B28: 0 | C28: 8 | D28: Mobile Phone | E28: 3 | F28: 6 | G28: E wallet | H28: Male | I28: 3 | J28: 3 | K28: Fashion | L28: 4 | M28: Divorced | N28: 2 | O28: 0 | P28: 13 | Q28: 1 | R28: 1 | S28: 6 | T28: 172.95
A29: 50028 | B29: 0 | D29: Phone | E29: 3 | F29: 12 | G29: E wallet | H29: Male | I29: 2 | J29: 3 | K29: Laptop & Accessory | L29: 3 | M29: Divorced | N29: 3 | O29: 1 | P29: 20 | Q29: 0 | R29: 4 | S29: 5 | T29: 123.06
A30: 50029 | B30: 0 | C30: 18 | D30: Phone | E30: 1 | G30: Debit Card | H30: Male | I30: 2 | J30: 3 | K30: Laptop & Accessory | L30: 4 | M30: Married | N30: 9 | O30: 0 | P30: 18 | Q30: 1 | R30: 1 | S30: 15 | T30: 123.48
A31: 50030 | B31: 0 | C31: 5 | D31: Computer | E31: 3 | F31: 14 | G31: E wallet | H31: Female | I31: 2 | J31: 3 | K31: Fashion | L31: 2 | M31: Single | N31: 2 | O31: 0 | P31: 14 | Q31: 2 | R31: 3 | S31: 7 | T31: 189.98
A32: 50031 | B32: 0 | C32: 2 | D32: Computer | E32: 1 | F32: 6 | G32: COD | H32: Male | I32: 2 | J32: 3 | K32: Laptop & Accessory | L32: 3 | M32: Divorced | N32: 2 | O32: 0 | P32: 13 | Q32: 0 | R32: 1 | S32: 9 | T32: 143.19
A33: 50032 | B33: 0 | C33: 0 | D33: Mobile Phone | E33: 1 | F33: 13 | G33: Credit Card | H33: Male | I33: 2 | J33: 4 | K33: Laptop & Accessory | L33: 3 | M33: Divorced | N33: 3 | O33: 0 | P33: 17 | Q33: 1 | R33: 1 | S33: 0 | T33: 161.32
A34: 50033 | B34: 0 | C34: 30 | D34: Phone | E34: 1 | F34: 15 | G34: CC | H34: Female | I34: 3 | J34: 4 | K34: Mobile | L34: 4 | M34: Divorced | N34: 5 | O34: 1 | P34: 20 | Q34: 1 | R34: 1 | S34: 0 | T34: 133.46
A35: 50034 | B35: 0 | C35: 13 | D35: Mobile Phone | E35: 3 | F35: 10 | G35: E wallet | H35: Male | I35: 3 | J35: 4 | K35: Fashion | L35: 2 | M35: Divorced | N35: 8 | O35: 0 | P35: 11 | Q35: 2 | R35: 2 | S35: 11 | T35: 208.55
A36: 50035 | B36: 0 | D36: Computer | E36: 3 | F36: 8 | G36: E wallet | H36: Female | I36: 3 | J36: 3 | K36: Mobile | L36: 3 | M36: Divorced | N36: 7 | O36: 0 | P36: 18 | Q36: 1 | R36: 1 | S36: 2 | T36: 122.31
A37: 50036 | B37: 0 | C37: 0 | D37: Phone | E37: 1 | G37: CC | H37: Male | I37: 3 | J37: 3 | K37: Mobile | L37: 2 | M37: Divorced | N37: 2 | O37: 0 | P37: 24 | Q37: 0 | R37: 2 | S37: 2 | T37: 123.23
A38: 50037 | B38: 0 | D38: Computer | E38: 1 | F38: 15 | G38: CC | H38: Male | I38: 2 | J38: 3 | K38: Mobile | L38: 4 | M38: Married | N38: 7 | O38: 0 | P38: 18 | Q38: 0 | R38: 2 | S38: 2 | T38: 120.24
A39: 50038 | B39: 0 | C39: 1 | D39: Phone | E39: 1 | F39: 27 | G39: CC | H39: Male | J39: 3 | K39: Mobile | L39: 2 | M39: Divorced | N39: 2 | O39: 0 | P39: 11 | Q39: 0 | R39: 1 | S39: 2 | T39: 127.13
A40: 50039 | B40: 0 | C40: 30 | D40: Mobile Phone | E40: 1 | F40: 30 | G40: Debit Card | H40: Male | I40: 2 | J40: 2 | K40: Fashion | L40: 2 | M40: Married | N40: 4 | O40: 1 | P40: 16 | Q40: 1 | R40: 1 | S40: 4 | T40: 194.39
A41: 50040 | B41: 0 | C41: 0 | D41: Computer | E41: 1 | G41: CC | H41: Male | I41: 3 | J41: 4 | K41: Mobile | L41: 3 | M41: Married | N41: 2 | O41: 1 | P41: 15 | Q41: 0 | R41: 1 | S41: 1 | T41: 125.66
A42: 50041 | B42: 0 | C42: 23 | D42: Mobile Phone | E42: 1 | F42: 17 | G42: Debit Card | H42: Female | I42: 2 | J42: 3 | K42: Others | L42: 4 | M42: Single | N42: 4 | O42: 0 | Q42: 2 | R42: 4 | S42: 4 | T42: 299.26
A43: 50042 | B43: 0 | C43: 14 | D43: Phone | E43: 1 | G43: Debit Card | H43: Male | I43: 2 | J43: 3 | K43: Mobile | L43: 3 | M43: Married | N43: 5 | O43: 0 | P43: 12 | Q43: 1 | R43: 1 | S43: 8 | T43: 124.51
A44: 50043 | B44: 0 | C44: 3 | D44: Mobile Phone | E44: 3 | F44: 11 | G44: Debit Card | H44: Female | I44: 2 | J44: 3 | K44: Fashion | L44: 2 | M44: Divorced | N44: 3 | O44: 0 | P44: 12 | Q44: 2 | R44: 7 | S44: 4 | T44: 194.19
A45: 50044 | B45: 0 | C45: 11 | D45: Mobile Phone | E45: 3 | F45: 6 | G45: Debit Card | H45: Female | I45: 2 | J45: 4 | K45: Laptop & Accessory | L45: 2 | M45: Single | N45: 5 | O45: 0 | P45: 22 | Q45: 1 | R45: 1 | S45: 1 | T45: 186.86
A46: 50045 | B46: 0 | C46: 5 | D46: Phone | E46: 1 | F46: 12 | G46: Debit Card | H46: Male | J46: 3 | K46: Mobile | L46: 3 | M46: Single | N46: 4 | O46: 0 | P46: 20 | Q46: 0 | R46: 1 | S46: 4 | T46: 130.38
A47: 50046 | B47: 0 | C47: 0 | D47: Phone | E47: 1 | F47: 23 | G47: COD | H47: Male | J47: 3 | K47: Mobile | L47: 4 | M47: Divorced | N47: 1 | O47: 1 | P47: 16 | Q47: 1 | R47: 1 | S47: 1 | T47: 130.58
A48: 50047 | B48: 1 | C48: 0 | D48: Computer | E48: 3 | G48: COD | H48: Female | I48: 3 | J48: 5 | K48: Mobile | L48: 5 | M48: Single | N48: 1 | O48: 0 | P48: 21 | Q48: 1 | R48: 1 | S48: 0 | T48: 123.25
A49: 50048 | B49: 0 | D49: Computer | E49: 1 | F49: 9 | G49: CC | H49: Male | I49: 1 | J49: 3 | K49: Mobile | L49: 4 | M49: Single | N49: 5 | O49: 0 | P49: 12 | Q49: 4 | R49: 7 | S49: 2 | T49: 120.88
A50: 50049 | B50: 0 | C50: 3 | D50: Computer | E50: 1 | F50: 15 | G50: CC | H50: Male | J50: 3 | K50: Laptop & Accessory | L50: 5 | M50: Married | N50: 2 | O50: 0 | P50: 11 | Q50: 0 | R50: 6 | S50: 10 | T50: 130.72
A51: 50050 | B51: 0 | C51: 18 | D51: Mobile Phone | E51: 3 | F51: 10 | G51: Debit Card | H51: Female | I51: 1 | J51: 3 | K51: Laptop & Accessory | L51: 5 | M51: Married | N51: 5 | O51: 1 | P51: 11 | Q51: 0 | R51: 1 | S51: 3 | T51: 150.06
A52: 50051 | B52: 0 | C52: 29 | D52: Phone | E52: 1 | F52: 14 | G52: Debit Card | H52: Female | I52: 3 | J52: 3 | K52: Mobile Phone | L52: 5 | M52: Married | N52: 5 | O52: 1 | P52: 18 | Q52: 1 | R52: 2 | S52: 2 | T52: 142.57
A53: 50052 | B53: 0 | C53: 6 | D53: Phone | E53: 1 | G53: Debit Card | H53: Male | I53: 2 | J53: 3 | K53: Mobile | L53: 2 | M53: Single | N53: 1 | O53: 0 | P53: 14 | Q53: 0 | R53: 1 | S53: 2 | T53: 125
A54: 50053 | B54: 1 | C54: 0 | D54: Mobile Phone | E54: 1 | F54: 8 | G54: Debit Card | H54: Male | I54: 2 | J54: 4 | K54: Mobile Phone | L54: 2 | M54: Single | N54: 2 | O54: 0 | P54: 22 | Q54: 0 | R54: 1 | S54: 0 | T54: 111.02
A55: 50054 | B55: 0 | C55: 19 | D55: Mobile Phone | E55: 3 | F55: 6 | G55: E wallet | H55: Female | I55: 3 | J55: 3 | K55: Fashion | L55: 5 | M55: Married | N55: 2 | O55: 0 | P55: 25 | Q55: 4 | R55: 15 | S55: 7 | T55: 204.53
A56: 50055 | B56: 0 | D56: Phone | E56: 1 | F56: 15 | G56: Debit Card | H56: Female | I56: 3 | J56: 3 | K56: Mobile | L56: 2 | M56: Single | N56: 2 | O56: 0 | P56: 12 | Q56: 1 | R56: 2 | S56: 1 | T56: 122.88
A57: 50056 | B57: 0 | C57: 4 | D57: Phone | E57: 1 | F57: 18 | G57: Credit Card | H57: Female | I57: 3 | J57: 3 | K57: Mobile Phone | L57: 2 | M57: Divorced | N57: 9 | O57: 1 | P57: 23 | Q57: 1 | R57: 1 | S57: 2 | T57: 139.29
A58: 50057 | B58: 0 | D58: Phone | E58: 1 | F58: 33 | G58: CC | H58: Female | I58: 3 | J58: 3 | K58: Mobile | L58: 4 | M58: Single | N58: 3 | O58: 0 | P58: 15 | Q58: 1 | R58: 1 | S58: 2 | T58: 123.11
A59: 50058 | B59: 1 | C59: 4 | D59: Phone | E59: 3 | F59: 26 | G59: E wallet | H59: Female | J59: 3 | K59: Mobile | L59: 4 | M59: Single | N59: 2 | O59: 1 | P59: 22 | Q59: 0 | R59: 1 | S59: 2 | T59: 131.4
A60: 50059 | B60: 0 | C60: 23 | D60: Phone | E60: 1 | F60: 6 | G60: Credit Card | H60: Male | I60: 2 | J60: 4 | K60: Mobile Phone | L60: 3 | M60: Divorced | N60: 3 | O60: 0 | P60: 15 | Q60: 0 | R60: 1 | S60: 2 | T60: 136.9
A61: 50060 | B61: 0 | C61: 26 | D61: Phone | E61: 1 | F61: 19 | G61: Credit Card | H61: Female | I61: 2 | J61: 2 | K61: Laptop & Accessory | L61: 5 | M61: Married | N61: 2 | O61: 0 | P61: 11 | Q61: 1 | R61: 1 | S61: 3 | T61: 144.5
A62: 50061 | B62: 0 | C62: 6 | D62: Phone | E62: 1 | F62: 20 | G62: CC | H62: Female | J62: 3 | K62: Mobile | L62: 4 | M62: Divorced | N62: 2 | O62: 0 | P62: 13 | Q62: 0 | R62: 1 | S62: 6 | T62: 127.56
A63: 50062 | B63: 0 | C63: 13 | D63: Mobile Phone | E63: 1 | F63: 10 | G63: Credit Card | H63: Female | I63: 2 | J63: 3 | K63: Others | L63: 3 | M63: Divorced | N63: 2 | O63: 0 | P63: 14 | R63: 9 | S63: 9 | T63: 290.33
A64: 50063 | B64: 0 | C64: 28 | D64: Mobile Phone | E64: 1 | F64: 20 | G64: Credit Card | H64: Male | I64: 3 | J64: 2 | K64: Others | L64: 4 | M64: Single | N64: 9 | O64: 0 | P64: 11 | R64: 2 | S64: 15 | T64: 287.22
A65: 50064 | B65: 0 | C65: 7 | D65: Computer | E65: 1 | F65: 8 | G65: Debit Card | H65: Male | I65: 2 | J65: 4 | K65: Laptop & Accessory | L65: 3 | M65: Divorced | N65: 2 | O65: 0 | P65: 17 | Q65: 0 | R65: 1 | S65: 9 | T65: 195.47
A66: 50065 | B66: 0 | C66: 24 | D66: Mobile Phone | E66: 1 | F66: 9 | G66: Credit Card | H66: Female | I66: 3 | J66: 3 | K66: Grocery | L66: 4 | M66: Single | N66: 4 | O66: 0 | P66: 18 | Q66: 0 | S66: 0 | T66: 237.34
A67: 50066 | B67: 0 | C67: 25 | D67: Mobile Phone | E67: 1 | F67: 6 | G67: Debit Card | H67: Male | I67: 3 | J67: 4 | K67: Others | L67: 3 | M67: Divorced | N67: 1 | O67: 0 | Q67: 1 | R67: 11 | S67: 9 | T67: 299.99
A68: 50067 | B68: 0 | D68: Phone | E68: 1 | F68: 15 | G68: CC | H68: Female | I68: 2 | J68: 3 | K68: Mobile | L68: 4 | M68: Single | N68: 2 | O68: 0 | P68: 16 | Q68: 1 | R68: 1 | S68: 3 | T68: 122.79
A69: 50068 | B69: 1 | C69: 0 | D69: Mobile Phone | E69: 1 | F69: 29 | G69: Debit Card | H69: Male | I69: 2 | J69: 4 | K69: Laptop & Accessory | L69: 3 | M69: Divorced | N69: 4 | O69: 1 | P69: 13 | Q69: 1 | R69: 1 | S69: 1 | T69: 159.16
A70: 50069 | B70: 0 | D70: Computer | E70: 1 | F70: 13 | G70: CC | H70: Male | I70: 2 | J70: 2 | K70: Mobile | L70: 2 | M70: Married | N70: 5 | O70: 0 | P70: 14 | Q70: 0 | R70: 2 | S70: 2 | T70: 120.89
A71: 50070 | B71: 0 | C71: 18 | D71: Computer | E71: 1 | F71: 8 | G71: Credit Card | H71: Male | I71: 3 | J71: 4 | K71: Grocery | L71: 2 | M71: Divorced | N71: 10 | O71: 0 | P71: 23 | R71: 11 | S71: 8 | T71: 267.92
A72: 50071 | B72: 0 | C72: 10 | D72: Phone | E72: 1 | F72: 27 | G72: Debit Card | H72: Male | I72: 3 | J72: 2 | K72: Mobile Phone | L72: 5 | M72: Divorced | N72: 2 | O72: 1 | P72: 12 | Q72: 0 | R72: 1 | S72: 7 | T72: 135.64
A73: 50072 | B73: 0 | C73: 8 | D73: Computer | E73: 1 | F73: 8 | G73: Credit Card | H73: Female | I73: 2 | J73: 3 | K73: Laptop & Accessory | L73: 4 | M73: Single | N73: 6 | O73: 0 | P73: 11 | Q73: 1 | R73: 1 | S73: 2 | T73: 144.25
A74: 50073 | B74: 0 | C74: 15 | D74: Computer | E74: 1 | F74: 27 | G74: Credit Card | H74: Female | I74: 2 | J74: 3 | K74: Laptop & Accessory | L74: 3 | M74: Married | N74: 3 | O74: 0 | P74: 16 | Q74: 0 | R74: 1 | S74: 2 | T74: 152.65
A75: 50074 | B75: 0 | C75: 11 | D75: Mobile Phone | E75: 1 | F75: 8 | G75: Debit Card | H75: Male | I75: 2 | J75: 3 | K75: Laptop & Accessory | L75: 3 | M75: Divorced | N75: 10 | O75: 0 | P75: 14 | Q75: 0 | R75: 1 | S75: 0 | T75: 165.53
A76: 50075 | B76: 0 | C76: 11 | D76: Mobile Phone | E76: 1 | F76: 35 | G76: COD | H76: Male | I76: 2 | J76: 3 | K76: Laptop & Accessory | L76: 2 | M76: Divorced | N76: 4 | O76: 0 | P76: 18 | Q76: 0 | R76: 1 | S76: 7 | T76: 162.61
A77: 50076 | B77: 0 | C77: 0 | D77: Computer | E77: 1 | F77: 6 | G77: COD | H77: Male | I77: 2 | J77: 4 | K77: Laptop & Accessory | L77: 5 | M77: Divorced | N77: 6 | O77: 0 | P77: 19 | Q77: 0 | R77: 2 | S77: 0 | T77: 142.98
A78: 50077 | B78: 0 | C78: 22 | D78: Computer | E78: 1 | F78: 24 | G78: Debit Card | H78: Male | I78: 3 | J78: 3 | K78: Laptop & Accessory | L78: 2 | M78: Married | N78: 2 | O78: 1 | P78: 15 | Q78: 0 | R78: 1 | S78: 7 | T78: 168.04
A79: 50078 | B79: 0 | C79: 7 | D79: Computer | E79: 1 | F79: 16 | G79: Credit Card | H79: Male | I79: 2 | J79: 3 | K79: Mobile Phone | L79: 3 | M79: Married | N79: 2 | O79: 1 | P79: 17 | Q79: 2 | R79: 2 | S79: 0 | T79: 138.15
A80: 50079 | B80: 0 | C80: 13 | D80: Phone | E80: 1 | F80: 25 | G80: CC | H80: Male | J80: 3 | K80: Laptop & Accessory | L80: 2 | M80: Divorced | N80: 9 | O80: 1 | P80: 15 | Q80: 1 | R80: 3 | S80: 7 | T80: 127.41
A81: 50080 | B81: 1 | C81: 1 | D81: Mobile Phone | E81: 1 | F81: 35 | G81: Credit Card | H81: Male | I81: 3 | J81: 3 | K81: Laptop & Accessory | L81: 5 | M81: Divorced | N81: 8 | O81: 1 | P81: 19 | Q81: 0 | R81: 1 | S81: 0 | T81: 166.73
A82: 50081 | B82: 1 | C82: 0 | D82: Mobile Phone | E82: 3 | F82: 33 | G82: E wallet | H82: Female | I82: 2 | J82: 3 | K82: Fashion | L82: 2 | M82: Divorced | N82: 2 | O82: 0 | P82: 22 | Q82: 1 | R82: 1 | S82: 9 | T82: 176.39
A83: 50082 | B83: 0 | C83: 0 | D83: Phone | E83: 1 | G83: Debit Card | H83: Male | I83: 2 | J83: 2 | K83: Mobile | L83: 4 | M83: Married | N83: 2 | O83: 1 | P83: 16 | Q83: 0 | R83: 2 | S83: 2 | T83: 123.28
A84: 50083 | B84: 0 | D84: Computer | E84: 1 | F84: 24 | G84: CC | H84: Female | I84: 3 | J84: 3 | K84: Mobile | L84: 2 | M84: Single | N84: 2 | O84: 0 | P84: 13 | Q84: 1 | R84: 1 | S84: 7 | T84: 121.53
A85: 50084 | B85: 0 | C85: 13 | D85: Computer | E85: 1 | F85: 15 | G85: Debit Card | H85: Male | I85: 3 | J85: 4 | K85: Laptop & Accessory | L85: 2 | M85: Divorced | N85: 10 | O85: 0 | P85: 14 | Q85: 1 | R85: 1 | S85: 2 | T85: 148.76
A86: 50085 | B86: 0 | C86: 19 | D86: Mobile Phone | E86: 1 | F86: 6 | G86: Credit Card | H86: Male | I86: 3 | J86: 3 | K86: Fashion | L86: 5 | M86: Married | N86: 8 | O86: 0 | P86: 16 | Q86: 0 | R86: 1 | S86: 3 | T86: 193.96
A87: 50086 | B87: 1 | C87: 0 | D87: Mobile Phone | E87: 3 | F87: 10 | G87: Credit Card | H87: Male | I87: 2 | J87: 5 | K87: Fashion | L87: 2 | M87: Divorced | N87: 2 | O87: 0 | P87: 11 | Q87: 7 | R87: 9 | S87: 8 | T87: 204
A88: 50087 | B88: 0 | C88: 3 | D88: Computer | E88: 1 | F88: 6 | G88: Debit Card | H88: Male | I88: 2 | J88: 4 | K88: Fashion | L88: 3 | M88: Single | N88: 2 | O88: 0 | P88: 22 | Q88: 2 | R88: 5 | S88: 8 | T88: 184.74
A89: 50088 | B89: 0 | C89: 0 | D89: Computer | E89: 3 | F89: 26 | G89: Debit Card | H89: Female | I89: 2 | J89: 3 | K89: Laptop & Accessory | L89: 3 | M89: Single | N89: 2 | O89: 0 | P89: 14 | Q89: 1 | R89: 1 | S89: 7 | T89: 199.81
A90: 50089 | B90: 0 | C90: 24 | D90: Mobile Phone | E90: 1 | F90: 14 | G90: Debit Card | H90: Male | I90: 2 | J90: 4 | K90: Fashion | L90: 4 | M90: Divorced | N90: 6 | O90: 0 | P90: 16 | Q90: 1 | R90: 4 | T90: 224.9
A91: 50090 | B91: 1 | C91: 0 | D91: Phone | E91: 1 | G91: COD | H91: Female | I91: 2 | J91: 3 | K91: Mobile | L91: 5 | M91: Single | N91: 6 | O91: 1 | P91: 11 | Q91: 1 | R91: 1 | S91: 4 | T91: 126.57
A92: 50091 | B92: 0 | C92: 14 | D92: Mobile Phone | E92: 3 | F92: 12 | G92: Debit Card | H92: Female | I92: 3 | J92: 3 | K92: Fashion | L92: 2 | M92: Single | N92: 4 | O92: 1 | P92: 18 | Q92: 0 | S92: 0 | T92: 235.91
A93: 50092 | B93: 1 | C93: 0 | D93: Computer | E93: 3 | F93: 32 | G93: E wallet | H93: Female | I93: 2 | J93: 4 | K93: Laptop & Accessory | L93: 5 | M93: Single | N93: 6 | O93: 0 | P93: 15 | Q93: 0 | R93: 1 | S93: 1 | T93: 166.96
A94: 50093 | B94: 1 | D94: Phone | E94: 1 | F94: 6 | G94: Cash on Delivery | H94: Male | I94: 2 | J94: 3 | K94: Mobile | L94: 3 | M94: Single | N94: 1 | O94: 0 | P94: 14 | Q94: 0 | R94: 1 | S94: 5 | T94: 120.58
A95: 50094 | B95: 0 | C95: 18 | D95: Computer | E95: 3 | F95: 12 | G95: Credit Card | H95: Female | I95: 2 | J95: 4 | K95: Fashion | L95: 2 | M95: Single | N95: 7 | O95: 0 | P95: 12 | Q95: 12 | R95: 12 | S95: 8 | T95: 188.65
A96: 50095 | B96: 0 | C96: 27 | D96: Mobile Phone | E96: 3 | F96: 9 | G96: E wallet | H96: Female | I96: 2 | J96: 3 | K96: Laptop & Accessory | L96: 5 | M96: Divorced | N96: 3 | O96: 0 | P96: 14 | Q96: 1 | R96: 1 | S96: 5 | T96: 159.4
A97: 50096 | B97: 0 | C97: 9 | D97: Mobile Phone | E97: 1 | F97: 11 | G97: Debit Card | H97: Male | I97: 3 | J97: 3 | K97: Laptop & Accessory | L97: 4 | M97: Single | N97: 9 | O97: 0 | P97: 16 | Q97: 0 | R97: 3 | S97: 7 | T97: 159.14
A98: 50097 | B98: 0 | C98: 6 | D98: Phone | E98: 1 | G98: CC | H98: Female | I98: 2 | J98: 4 | K98: Mobile | L98: 4 | M98: Divorced | N98: 7 | O98: 0 | P98: 21 | Q98: 0 | R98: 1 | S98: 1 | T98: 126.22
A99: 50098 | B99: 0 | C99: 10 | D99: Computer | E99: 1 | F99: 17 | G99: UPI | H99: Male | I99: 2 | J99: 3 | K99: Fashion | L99: 2 | M99: Married | N99: 2 | O99: 1 | P99: 14 | Q99: 0 | R99: 1 | T99: 221.85
A100: 50099 | B100: 0 | C100: 11 | D100: Mobile Phone | E100: 3 | F100: 9 | G100: Debit Card | H100: Male | I100: 3 | J100: 3 | K100: Fashion | L100: 3 | M100: Married | N100: 1 | O100: 0 | P100: 12 | Q100: 1 | R100: 5 | S100: 13 | T100: 206.09
...

Sheet Cleaned Data
A1: CustomerID | B1: Churn | C1: Tenure | D1: PreferredLoginDevice | E1: CityTier | F1: WarehouseToHome | G1: PreferredPaymentMode | H1: Gender | I1: HourSpendOnApp | J1: NumberOfDeviceRegistered | K1: PreferedOrderCat | L1: SatisfactionScore | M1: MaritalStatus | N1: NumberOfAddress | O1: Complain | P1: OrderAmountHikeFromlastYear | Q1: CouponUsed | R1: OrderCount | S1: DaySinceLastOrder | T1: CashbackAmount | U1: Tenure_Group | V1: Cashback_Segment
A2: 50001 | B2: 1 | C2: 4 | D2: Mobile Phone | E2: 3 | F2: 6 | G2: Debit Card | H2: Female | I2: 3 | J2: 3 | K2: Laptop & Accessory | L2: 2 | M2: Single | N2: 9 | O2: 1 | P2: 11 | Q2: 1 | R2: 1 | S2: 5 | T2: 159.93 | U2: =_xlfn.XLOOKUP(Tablo2[[#This Row],[Tenure]],$W$23:$W$26,$X$23:$X$26,"",-1) -> 0-6 Months | V2: =_xlfn.XLOOKUP(Tablo2[[#This Row],[CashbackAmount]],$W$31:$W$33,$X$31:$X$33,"",-1) -> Medium | W2: Sütun Adı | X2: Eksik Sayısı
A3: 50002 | B3: 1 | C3: 9 | D3: Phone | E3: 1 | F3: 8 | G3: UPI | H3: Male | I3: 3 | J3: 4 | K3: Mobile | L3: 3 | M3: Single | N3: 7 | O3: 1 | P3: 15 | Q3: 0 | R3: 1 | S3: 0 | T3: 120.9 | U3: =_xlfn.XLOOKUP(Tablo2[[#This Row],[Tenure]],$W$23:$W$26,$X$23:$X$26,"",-1) -> 7-12 Months | V3: =_xlfn.XLOOKUP(Tablo2[[#This Row],[CashbackAmount]],$W$31:$W$33,$X$31:$X$33,"",-1) -> Low | W3: Tenure | X3: =COUNTBLANK(Tablo2[Tenure]) -> 0
A4: 50003 | B4: 1 | C4: 9 | D4: Phone | E4: 1 | F4: 30 | G4: Debit Card | H4: Male | I4: 2 | J4: 4 | K4: Mobile | L4: 3 | M4: Single | N4: 6 | O4: 1 | P4: 14 | Q4: 0 | R4: 1 | S4: 3 | T4: 120.28 | U4: =_xlfn.XLOOKUP(Tablo2[[#This Row],[Tenure]],$W$23:$W$26,$X$23:$X$26,"",-1) -> 7-12 Months | V4: =_xlfn.XLOOKUP(Tablo2[[#This Row],[CashbackAmount]],$W$31:$W$33,$X$31:$X$33,"",-1) -> Low | W4: WarehouseToHome | X4: =COUNTBLANK(Tablo2[WarehouseToHome]) -> 0
A5: 50004 | B5: 1 | C5: 0 | D5: Phone | E5: 3 | F5: 15 | G5: Debit Card | H5: Male | I5: 2 | J5: 4 | K5: Laptop & Accessory | L5: 5 | M5: Single | N5: 8 | O5: 0 | P5: 23 | Q5: 0 | R5: 1 | S5: 3 | T5: 134.07 | U5: =_xlfn.XLOOKUP(Tablo2[[#This Row],[Tenure]],$W$23:$W$26,$X$23:$X$26,"",-1) -> 0-6 Months | V5: =_xlfn.XLOOKUP(Tablo2[[#This Row],[CashbackAmount]],$W$31:$W$33,$X$31:$X$33,"",-1) -> Low | W5: HourSpendOnApp | X5: =COUNTBLANK(Tablo2[HourSpendOnApp]) -> 0
A6: 50005 | B6: 1 | C6: 0 | D6: Phone | E6: 1 | F6: 12 | G6: CC | H6: Male | I6: 3 | J6: 3 | K6: Mobile | L6: 5 | M6: Single | N6: 3 | O6: 0 | P6: 11 | Q6: 1 | R6: 1 | S6: 3 | T6: 129.6 | U6: =_xlfn.XLOOKUP(Tablo2[[#This Row],[Tenure]],$W$23:$W$26,$X$23:$X$26,"",-1) -> 0-6 Months | V6: =_xlfn.XLOOKUP(Tablo2[[#This Row],[CashbackAmount]],$W$31:$W$33,$X$31:$X$33,"",-1) -> Low | W6: OrderAmountHikeFromlastYear | X6: =COUNTBLANK(Tablo2[OrderAmountHikeFromlastYear]) -> 0
A7: 50006 | B7: 1 | C7: 0 | D7: Computer | E7: 1 | F7: 22 | G7: Debit Card | H7: Female | I7: 3 | J7: 5 | K7: Mobile Phone | L7: 5 | M7: Single | N7: 2 | O7: 1 | P7: 22 | Q7: 4 | R7: 6 | S7: 7 | T7: 139.19 | U7: =_xlfn.XLOOKUP(Tablo2[[#This Row],[Tenure]],$W$23:$W$26,$X$23:$X$26,"",-1) -> 0-6 Months | V7: =_xlfn.XLOOKUP(Tablo2[[#This Row],[CashbackAmount]],$W$31:$W$33,$X$31:$X$33,"",-1) -> Low | W7: CouponUsed | X7: =COUNTBLANK(Tablo2[CouponUsed]) -> 0
A8: 50007 | B8: 1 | C8: 9 | D8: Phone | E8: 3 | F8: 11 | G8: Cash on Delivery | H8: Male | I8: 2 | J8: 3 | K8: Laptop & Accessory | L8: 2 | M8: Divorced | N8: 4 | O8: 0 | P8: 14 | Q8: 0 | R8: 1 | S8: 0 | T8: 120.86 | U8: =_xlfn.XLOOKUP(Tablo2[[#This Row],[Tenure]],$W$23:$W$26,$X$23:$X$26,"",-1) -> 7-12 Months | V8: =_xlfn.XLOOKUP(Tablo2[[#This Row],[CashbackAmount]],$W$31:$W$33,$X$31:$X$33,"",-1) -> Low | W8: OrderCount | X8: =COUNTBLANK(Tablo2[OrderCount]) -> 0
A9: 50008 | B9: 1 | C9: 9 | D9: Phone | E9: 1 | F9: 6 | G9: CC | H9: Male | I9: 3 | J9: 3 | K9: Mobile | L9: 2 | M9: Divorced | N9: 3 | O9: 1 | P9: 16 | Q9: 2 | R9: 2 | S9: 0 | T9: 122.93 | U9: =_xlfn.XLOOKUP(Tablo2[[#This Row],[Tenure]],$W$23:$W$26,$X$23:$X$26,"",-1) -> 7-12 Months | V9: =_xlfn.XLOOKUP(Tablo2[[#This Row],[CashbackAmount]],$W$31:$W$33,$X$31:$X$33,"",-1) -> Low | W9: DaySinceLastOrder | X9: =COUNTBLANK(Tablo2[DaySinceLastOrder]) -> 0
A10: 50009 | B10: 1 | C10: 13 | D10: Phone | E10: 3 | F10: 9 | G10: E wallet | H10: Male | I10: 3 | J10: 4 | K10: Mobile | L10: 3 | M10: Divorced | N10: 2 | O10: 1 | P10: 14 | Q10: 0 | R10: 1 | S10: 2 | T10: 126.83 | U10: =_xlfn.XLOOKUP(Tablo2[[#This Row],[Tenure]],$W$23:$W$26,$X$23:$X$26,"",-1) -> 13-24 Months | V10: =_xlfn.XLOOKUP(Tablo2[[#This Row],[CashbackAmount]],$W$31:$W$33,$X$31:$X$33,"",-1) -> Low
A11: 50010 | B11: 1 | C11: 9 | D11: Phone | E11: 1 | F11: 31 | G11: Debit Card | H11: Male | I11: 2 | J11: 5 | K11: Mobile | L11: 3 | M11: Single | N11: 2 | O11: 0 | P11: 12 | Q11: 1 | R11: 1 | S11: 1 | T11: 122.93 | U11: =_xlfn.XLOOKUP(Tablo2[[#This Row],[Tenure]],$W$23:$W$26,$X$23:$X$26,"",-1) -> 7-12 Months | V11: =_xlfn.XLOOKUP(Tablo2[[#This Row],[CashbackAmount]],$W$31:$W$33,$X$31:$X$33,"",-1) -> Low
A12: 50011 | B12: 1 | C12: 4 | D12: Mobile Phone | E12: 1 | F12: 18 | G12: Cash on Delivery | H12: Female | I12: 2 | J12: 3 | K12: Others | L12: 3 | M12: Divorced | N12: 2 | O12: 0 | P12: 15 | Q12: 9 | R12: 15 | S12: 8 | T12: 295.45 | U12: =_xlfn.XLOOKUP(Tablo2[[#This Row],[Tenure]],$W$23:$W$26,$X$23:$X$26,"",-1) -> 0-6 Months | V12: =_xlfn.XLOOKUP(Tablo2[[#This Row],[CashbackAmount]],$W$31:$W$33,$X$31:$X$33,"",-1) -> High | W12: Sütun Adı | X12: Medyan
A13: 50012 | B13: 1 | C13: 11 | D13: Mobile Phone | E13: 1 | F13: 6 | G13: Debit Card | H13: Male | I13: 3 | J13: 4 | K13: Fashion | L13: 3 | M13: Single | N13: 10 | O13: 1 | P13: 13 | Q13: 0 | R13: 1 | S13: 0 | T13: 153.81 | U13: =_xlfn.XLOOKUP(Tablo2[[#This Row],[Tenure]],$W$23:$W$26,$X$23:$X$26,"",-1) -> 7-12 Months | V13: =_xlfn.XLOOKUP(Tablo2[[#This Row],[CashbackAmount]],$W$31:$W$33,$X$31:$X$33,"",-1) -> Medium | W13: Tenure | X13: =MEDIAN(Tablo2[Tenure]) -> 9
A14: 50013 | B14: 1 | C14: 0 | D14: Phone | E14: 1 | F14: 11 | G14: COD | H14: Male | I14: 2 | J14: 3 | K14: Mobile | L14: 3 | M14: Single | N14: 2 | O14: 1 | P14: 13 | Q14: 2 | R14: 2 | S14: 2 | T14: 134.41 | U14: =_xlfn.XLOOKUP(Tablo2[[#This Row],[Tenure]],$W$23:$W$26,$X$23:$X$26,"",-1) -> 0-6 Months | V14: =_xlfn.XLOOKUP(Tablo2[[#This Row],[CashbackAmount]],$W$31:$W$33,$X$31:$X$33,"",-1) -> Low | W14: WarehouseToHome | X14: =MEDIAN(Tablo2[WarehouseToHome]) -> 14
A15: 50014 | B15: 1 | C15: 0 | D15: Phone | E15: 1 | F15: 15 | G15: CC | H15: Male | I15: 3 | J15: 4 | K15: Mobile | L15: 3 | M15: Divorced | N15: 1 | O15: 1 | P15: 17 | Q15: 0 | R15: 1 | S15: 0 | T15: 133.88 | U15: =_xlfn.XLOOKUP(Tablo2[[#This Row],[Tenure]],$W$23:$W$26,$X$23:$X$26,"",-1) -> 0-6 Months | V15: =_xlfn.XLOOKUP(Tablo2[[#This Row],[CashbackAmount]],$W$31:$W$33,$X$31:$X$33,"",-1) -> Low | W15: HourSpendOnApp | X15: =MEDIAN(Tablo2[HourSpendOnApp]) -> 3
A16: 50015 | B16: 1 | C16: 9 | D16: Mobile Phone | E16: 3 | F16: 15 | G16: Credit Card | H16: Male | I16: 3 | J16: 4 | K16: Fashion | L16: 2 | M16: Single | N16: 2 | O16: 0 | P16: 16 | Q16: 0 | R16: 4 | S16: 7 | T16: 196.19 | U16: =_xlfn.XLOOKUP(Tablo2[[#This Row],[Tenure]],$W$23:$W$26,$X$23:$X$26,"",-1) -> 7-12 Months | V16: =_xlfn.XLOOKUP(Tablo2[[#This Row],[CashbackAmount]],$W$31:$W$33,$X$31:$X$33,"",-1) -> Medium | W16: OrderAmountHikeFromlastYear | X16: =MEDIAN(Tablo2[OrderAmountHikeFromlastYear]) -> 15
A17: 50016 | B17: 1 | C17: 9 | D17: Phone | E17: 2 | F17: 12 | G17: UPI | H17: Male | I17: 3 | J17: 3 | K17: Mobile | L17: 5 | M17: Married | N17: 5 | O17: 1 | P17: 22 | Q17: 1 | R17: 1 | S17: 2 | T17: 120.73 | U17: =_xlfn.XLOOKUP(Tablo2[[#This Row],[Tenure]],$W$23:$W$26,$X$23:$X$26,"",-1) -> 7-12 Months | V17: =_xlfn.XLOOKUP(Tablo2[[#This Row],[CashbackAmount]],$W$31:$W$33,$X$31:$X$33,"",-1) -> Low | W17: CouponUsed | X17: =MEDIAN(Tablo2[CouponUsed]) -> 1
A18: 50017 | B18: 1 | C18: 0 | D18: Computer | E18: 1 | F18: 12 | G18: Debit Card | H18: Female | I18: 3 | J18: 4 | K18: Mobile | L18: 2 | M18: Single | N18: 2 | O18: 1 | P18: 18 | Q18: 1 | R18: 1 | S18: 0 | T18: 129.26 | U18: =_xlfn.XLOOKUP(Tablo2[[#This Row],[Tenure]],$W$23:$W$26,$X$23:$X$26,"",-1) -> 0-6 Months | V18: =_xlfn.XLOOKUP(Tablo2[[#This Row],[CashbackAmount]],$W$31:$W$33,$X$31:$X$33,"",-1) -> Low | W18: OrderCount | X18: =MEDIAN(Tablo2[OrderCount]) -> 2
A19: 50018 | B19: 1 | C19: 0 | D19: Mobile Phone | E19: 3 | F19: 11 | G19: E wallet | H19: Male | I19: 2 | J19: 4 | K19: Laptop & Accessory | L19: 3 | M19: Single | N19: 2 | O19: 1 | P19: 11 | Q19: 1 | R19: 1 | S19: 3 | T19: 157.44 | U19: =_xlfn.XLOOKUP(Tablo2[[#This Row],[Tenure]],$W$23:$W$26,$X$23:$X$26,"",-1) -> 0-6 Months | V19: =_xlfn.XLOOKUP(Tablo2[[#This Row],[CashbackAmount]],$W$31:$W$33,$X$31:$X$33,"",-1) -> Medium | W19: DaySinceLastOrder | X19: =MEDIAN(Tablo2[DaySinceLastOrder]) -> 3
A20: 50019 | B20: 1 | C20: 0 | D20: Computer | E20: 1 | F20: 13 | G20: Debit Card | H20: Male | I20: 3 | J20: 5 | K20: Laptop & Accessory | L20: 3 | M20: Single | N20: 2 | O20: 1 | P20: 24 | Q20: 1 | R20: 1 | S20: 6 | T20: 160.74 | U20: =_xlfn.XLOOKUP(Tablo2[[#This Row],[Tenure]],$W$23:$W$26,$X$23:$X$26,"",-1) -> 0-6 Months | V20: =_xlfn.XLOOKUP(Tablo2[[#This Row],[CashbackAmount]],$W$31:$W$33,$X$31:$X$33,"",-1) -> Medium
A21: 50020 | B21: 1 | C21: 19 | D21: Mobile Phone | E21: 1 | F21: 20 | G21: Debit Card | H21: Female | I21: 3 | J21: 3 | K21: Mobile Phone | L21: 4 | M21: Divorced | N21: 10 | O21: 1 | P21: 18 | Q21: 1 | R21: 4 | S21: 3 | T21: 149.63 | U21: =_xlfn.XLOOKUP(Tablo2[[#This Row],[Tenure]],$W$23:$W$26,$X$23:$X$26,"",-1) -> 13-24 Months | V21: =_xlfn.XLOOKUP(Tablo2[[#This Row],[CashbackAmount]],$W$31:$W$33,$X$31:$X$33,"",-1) -> Low | W21: Tenure_Group
A22: 50021 | B22: 1 | C22: 0 | D22: Mobile Phone | E22: 3 | F22: 12 | G22: Debit Card | H22: Male | I22: 3 | J22: 5 | K22: Laptop & Accessory | L22: 3 | M22: Divorced | N22: 5 | O22: 1 | P22: 18 | Q22: 6 | R22: 7 | S22: 7 | T22: 161.72 | U22: =_xlfn.XLOOKUP(Tablo2[[#This Row],[Tenure]],$W$23:$W$26,$X$23:$X$26,"",-1) -> 0-6 Months | V22: =_xlfn.XLOOKUP(Tablo2[[#This Row],[CashbackAmount]],$W$31:$W$33,$X$31:$X$33,"",-1) -> Medium | W22: Sınırlar | X22: Group
A23: 50022 | B23: 1 | C23: 20 | D23: Mobile Phone | E23: 1 | F23: 29 | G23: Credit Card | H23: Female | I23: 3 | J23: 3 | K23: Fashion | L23: 2 | M23: Divorced | N23: 2 | O23: 0 | P23: 12 | Q23: 11 | R23: 15 | S23: 6 | T23: 203.12 | U23: =_xlfn.XLOOKUP(Tablo2[[#This Row],[Tenure]],$W$23:$W$26,$X$23:$X$26,"",-1) -> 13-24 Months | V23: =_xlfn.XLOOKUP(Tablo2[[#This Row],[CashbackAmount]],$W$31:$W$33,$X$31:$X$33,"",-1) -> Medium | W23: 0 | X23: 0-6 Months
A24: 50023 | B24: 1 | C24: 9 | D24: Mobile Phone | E24: 3 | F24: 28 | G24: E wallet | H24: Male | I24: 2 | J24: 3 | K24: Mobile Phone | L24: 3 | M24: Single | N24: 2 | O24: 1 | P24: 19 | Q24: 0 | R24: 1 | S24: 0 | T24: 116.75 | U24: =_xlfn.XLOOKUP(Tablo2[[#This Row],[Tenure]],$W$23:$W$26,$X$23:$X$26,"",-1) -> 7-12 Months | V24: =_xlfn.XLOOKUP(Tablo2[[#This Row],[CashbackAmount]],$W$31:$W$33,$X$31:$X$33,"",-1) -> Low | W24: 7 | X24: 7-12 Months
A25: 50024 | B25: 1 | C25: 0 | D25: Phone | E25: 3 | F25: 26 | G25: Debit Card | H25: Female | I25: 3 | J25: 5 | K25: Laptop & Accessory | L25: 3 | M25: Divorced | N25: 4 | O25: 1 | P25: 11 | Q25: 1 | R25: 2 | S25: 2 | T25: 145.59 | U25: =_xlfn.XLOOKUP(Tablo2[[#This Row],[Tenure]],$W$23:$W$26,$X$23:$X$26,"",-1) -> 0-6 Months | V25: =_xlfn.XLOOKUP(Tablo2[[#This Row],[CashbackAmount]],$W$31:$W$33,$X$31:$X$33,"",-1) -> Low | W25: 13 | X25: 13-24 Months
A26: 50025 | B26: 1 | C26: 14 | D26: Computer | E26: 1 | F26: 14 | G26: Debit Card | H26: Male | I26: 2 | J26: 5 | K26: Fashion | L26: 2 | M26: Single | N26: 3 | O26: 0 | P26: 15 | Q26: 0 | R26: 1 | S26: 3 | T26: 206.5 | U26: =_xlfn.XLOOKUP(Tablo2[[#This Row],[Tenure]],$W$23:$W$26,$X$23:$X$26,"",-1) -> 13-24 Months | V26: =_xlfn.XLOOKUP(Tablo2[[#This Row],[CashbackAmount]],$W$31:$W$33,$X$31:$X$33,"",-1) -> Medium | W26: 25 | X26: 24+ Months
A27: 50026 | B27: 1 | C27: 0 | D27: Phone | E27: 1 | F27: 15 | G27: Credit Card | H27: Female | I27: 2 | J27: 3 | K27: Mobile Phone | L27: 5 | M27: Single | N27: 8 | O27: 0 | P27: 22 | Q27: 1 | R27: 1 | S27: 4 | T27: 142 | U27: =_xlfn.XLOOKUP(Tablo2[[#This Row],[Tenure]],$W$23:$W$26,$X$23:$X$26,"",-1) -> 0-6 Months | V27: =_xlfn.XLOOKUP(Tablo2[[#This Row],[CashbackAmount]],$W$31:$W$33,$X$31:$X$33,"",-1) -> Low
A28: 50027 | B28: 0 | C28: 8 | D28: Mobile Phone | E28: 3 | F28: 6 | G28: E wallet | H28: Male | I28: 3 | J28: 3 | K28: Fashion | L28: 4 | M28: Divorced | N28: 2 | O28: 0 | P28: 13 | Q28: 1 | R28: 1 | S28: 6 | T28: 172.95 | U28: =_xlfn.XLOOKUP(Tablo2[[#This Row],[Tenure]],$W$23:$W$26,$X$23:$X$26,"",-1) -> 7-12 Months | V28: =_xlfn.XLOOKUP(Tablo2[[#This Row],[CashbackAmount]],$W$31:$W$33,$X$31:$X$33,"",-1) -> Medium
A29: 50028 | B29: 0 | C29: 9 | D29: Phone | E29: 3 | F29: 12 | G29: E wallet | H29: Male | I29: 2 | J29: 3 | K29: Laptop & Accessory | L29: 3 | M29: Divorced | N29: 3 | O29: 1 | P29: 20 | Q29: 0 | R29: 4 | S29: 5 | T29: 123.06 | U29: =_xlfn.XLOOKUP(Tablo2[[#This Row],[Tenure]],$W$23:$W$26,$X$23:$X$26,"",-1) -> 7-12 Months | V29: =_xlfn.XLOOKUP(Tablo2[[#This Row],[CashbackAmount]],$W$31:$W$33,$X$31:$X$33,"",-1) -> Low | W29: Cashback_Segment
A30: 50029 | B30: 0 | C30: 18 | D30: Phone | E30: 1 | F30: 14 | G30: Debit Card | H30: Male | I30: 2 | J30: 3 | K30: Laptop & Accessory | L30: 4 | M30: Married | N30: 9 | O30: 0 | P30: 18 | Q30: 1 | R30: 1 | S30: 15 | T30: 123.48 | U30: =_xlfn.XLOOKUP(Tablo2[[#This Row],[Tenure]],$W$23:$W$26,$X$23:$X$26,"",-1) -> 13-24 Months | V30: =_xlfn.XLOOKUP(Tablo2[[#This Row],[CashbackAmount]],$W$31:$W$33,$X$31:$X$33,"",-1) -> Low | W30: Sınırlar | X30: Group
A31: 50030 | B31: 0 | C31: 5 | D31: Computer | E31: 3 | F31: 14 | G31: E wallet | H31: Female | I31: 2 | J31: 3 | K31: Fashion | L31: 2 | M31: Single | N31: 2 | O31: 0 | P31: 14 | Q31: 2 | R31: 3 | S31: 7 | T31: 189.98 | U31: =_xlfn.XLOOKUP(Tablo2[[#This Row],[Tenure]],$W$23:$W$26,$X$23:$X$26,"",-1) -> 0-6 Months | V31: =_xlfn.XLOOKUP(Tablo2[[#This Row],[CashbackAmount]],$W$31:$W$33,$X$31:$X$33,"",-1) -> Medium | W31: 0 | X31: Low
A32: 50031 | B32: 0 | C32: 2 | D32: Computer | E32: 1 | F32: 6 | G32: COD | H32: Male | I32: 2 | J32: 3 | K32: Laptop & Accessory | L32: 3 | M32: Divorced | N32: 2 | O32: 0 | P32: 13 | Q32: 0 | R32: 1 | S32: 9 | T32: 143.19 | U32: =_xlfn.XLOOKUP(Tablo2[[#This Row],[Tenure]],$W$23:$W$26,$X$23:$X$26,"",-1) -> 0-6 Months | V32: =_xlfn.XLOOKUP(Tablo2[[#This Row],[CashbackAmount]],$W$31:$W$33,$X$31:$X$33,"",-1) -> Low | W32: 150 | X32: Medium
A33: 50032 | B33: 0 | C33: 0 | D33: Mobile Phone | E33: 1 | F33: 13 | G33: Credit Card | H33: Male | I33: 2 | J33: 4 | K33: Laptop & Accessory | L33: 3 | M33: Divorced | N33: 3 | O33: 0 | P33: 17 | Q33: 1 | R33: 1 | S33: 0 | T33: 161.32 | U33: =_xlfn.XLOOKUP(Tablo2[[#This Row],[Tenure]],$W$23:$W$26,$X$23:$X$26,"",-1) -> 0-6 Months | V33: =_xlfn.XLOOKUP(Tablo2[[#This Row],[CashbackAmount]],$W$31:$W$33,$X$31:$X$33,"",-1) -> Medium | W33: 250 | X33: High
A34: 50033 | B34: 0 | C34: 30 | D34: Phone | E34: 1 | F34: 15 | G34: CC | H34: Female | I34: 3 | J34: 4 | K34: Mobile | L34: 4 | M34: Divorced | N34: 5 | O34: 1 | P34: 20 | Q34: 1 | R34: 1 | S34: 0 | T34: 133.46 | U34: =_xlfn.XLOOKUP(Tablo2[[#This Row],[Tenure]],$W$23:$W$26,$X$23:$X$26,"",-1) -> 24+ Months | V34: =_xlfn.XLOOKUP(Tablo2[[#This Row],[CashbackAmount]],$W$31:$W$33,$X$31:$X$33,"",-1) -> Low
A35: 50034 | B35: 0 | C35: 13 | D35: Mobile Phone | E35: 3 | F35: 10 | G35: E wallet | H35: Male | I35: 3 | J35: 4 | K35: Fashion | L35: 2 | M35: Divorced | N35: 8 | O35: 0 | P35: 11 | Q35: 2 | R35: 2 | S35: 11 | T35: 208.55 | U35: =_xlfn.XLOOKUP(Tablo2[[#This Row],[Tenure]],$W$23:$W$26,$X$23:$X$26,"",-1) -> 13-24 Months | V35: =_xlfn.XLOOKUP(Tablo2[[#This Row],[CashbackAmount]],$W$31:$W$33,$X$31:$X$33,"",-1) -> Medium
A36: 50035 | B36: 0 | C36: 9 | D36: Computer | E36: 3 | F36: 8 | G36: E wallet | H36: Female | I36: 3 | J36: 3 | K36: Mobile | L36: 3 | M36: Divorced | N36: 7 | O36: 0 | P36: 18 | Q36: 1 | R36: 1 | S36: 2 | T36: 122.31 | U36: =_xlfn.XLOOKUP(Tablo2[[#This Row],[Tenure]],$W$23:$W$26,$X$23:$X$26,"",-1) -> 7-12 Months | V36: =_xlfn.XLOOKUP(Tablo2[[#This Row],[CashbackAmount]],$W$31:$W$33,$X$31:$X$33,"",-1) -> Low
A37: 50036 | B37: 0 | C37: 0 | D37: Phone | E37: 1 | F37: 14 | G37: CC | H37: Male | I37: 3 | J37: 3 | K37: Mobile | L37: 2 | M37: Divorced | N37: 2 | O37: 0 | P37: 24 | Q37: 0 | R37: 2 | S37: 2 | T37: 123.23 | U37: =_xlfn.XLOOKUP(Tablo2[[#This Row],[Tenure]],$W$23:$W$26,$X$23:$X$26,"",-1) -> 0-6 Months | V37: =_xlfn.XLOOKUP(Tablo2[[#This Row],[CashbackAmount]],$W$31:$W$33,$X$31:$X$33,"",-1) -> Low
A38: 50037 | B38: 0 | C38: 9 | D38: Computer | E38: 1 | F38: 15 | G38: CC | H38: Male | I38: 2 | J38: 3 | K38: Mobile | L38: 4 | M38: Married | N38: 7 | O38: 0 | P38: 18 | Q38: 0 | R38: 2 | S38: 2 | T38: 120.24 | U38: =_xlfn.XLOOKUP(Tablo2[[#This Row],[Tenure]],$W$23:$W$26,$X$23:$X$26,"",-1) -> 7-12 Months | V38: =_xlfn.XLOOKUP(Tablo2[[#This Row],[CashbackAmount]],$W$31:$W$33,$X$31:$X$33,"",-1) -> Low
A39: 50038 | B39: 0 | C39: 1 | D39: Phone | E39: 1 | F39: 27 | G39: CC | H39: Male | I39: 3 | J39: 3 | K39: Mobile | L39: 2 | M39: Divorced | N39: 2 | O39: 0 | P39: 11 | Q39: 0 | R39: 1 | S39: 2 | T39: 127.13 | U39: =_xlfn.XLOOKUP(Tablo2[[#This Row],[Tenure]],$W$23:$W$26,$X$23:$X$26,"",-1) -> 0-6 Months | V39: =_xlfn.XLOOKUP(Tablo2[[#This Row],[CashbackAmount]],$W$31:$W$33,$X$31:$X$33,"",-1) -> Low
A40: 50039 | B40: 0 | C40: 30 | D40: Mobile Phone | E40: 1 | F40: 30 | G40: Debit Card | H40: Male | I40: 2 | J40: 2 | K40: Fashion | L40: 2 | M40: Married | N40: 4 | O40: 1 | P40: 16 | Q40: 1 | R40: 1 | S40: 4 | T40: 194.39 | U40: =_xlfn.XLOOKUP(Tablo2[[#This Row],[Tenure]],$W$23:$W$26,$X$23:$X$26,"",-1) -> 24+ Months | V40: =_xlfn.XLOOKUP(Tablo2[[#This Row],[CashbackAmount]],$W$31:$W$33,$X$31:$X$33,"",-1) -> Medium
A41: 50040 | B41: 0 | C41: 0 | D41: Computer | E41: 1 | F41: 14 | G41: CC | H41: Male | I41: 3 | J41: 4 | K41: Mobile | L41: 3 | M41: Married | N41: 2 | O41: 1 | P41: 15 | Q41: 0 | R41: 1 | S41: 1 | T41: 125.66 | U41: =_xlfn.XLOOKUP(Tablo2[[#This Row],[Tenure]],$W$23:$W$26,$X$23:$X$26,"",-1) -> 0-6 Months | V41: =_xlfn.XLOOKUP(Tablo2[[#This Row],[CashbackAmount]],$W$31:$W$33,$X$31:$X$33,"",-1) -> Low
A42: 50041 | B42: 0 | C42: 23 | D42: Mobile Phone | E42: 1 | F42: 17 | G42: Debit Card | H42: Female | I42: 2 | J42: 3 | K42: Others | L42: 4 | M42: Single | N42: 4 | O42: 0 | P42: 15 | Q42: 2 | R42: 4 | S42: 4 | T42: 299.26 | U42: =_xlfn.XLOOKUP(Tablo2[[#This Row],[Tenure]],$W$23:$W$26,$X$23:$X$26,"",-1) -> 13-24 Months | V42: =_xlfn.XLOOKUP(Tablo2[[#This Row],[CashbackAmount]],$W$31:$W$33,$X$31:$X$33,"",-1) -> High
A43: 50042 | B43: 0 | C43: 14 | D43: Phone | E43: 1 | F43: 14 | G43: Debit Card | H43: Male | I43: 2 | J43: 3 | K43: Mobile | L43: 3 | M43: Married | N43: 5 | O43: 0 | P43: 12 | Q43: 1 | R43: 1 | S43: 8 | T43: 124.51 | U43: =_xlfn.XLOOKUP(Tablo2[[#This Row],[Tenure]],$W$23:$W$26,$X$23:$X$26,"",-1) -> 13-24 Months | V43: =_xlfn.XLOOKUP(Tablo2[[#This Row],[CashbackAmount]],$W$31:$W$33,$X$31:$X$33,"",-1) -> Low
A44: 50043 | B44: 0 | C44: 3 | D44: Mobile Phone | E44: 3 | F44: 11 | G44: Debit Card | H44: Female | I44: 2 | J44: 3 | K44: Fashion | L44: 2 | M44: Divorced | N44: 3 | O44: 0 | P44: 12 | Q44: 2 | R44: 7 | S44: 4 | T44: 194.19 | U44: =_xlfn.XLOOKUP(Tablo2[[#This Row],[Tenure]],$W$23:$W$26,$X$23:$X$26,"",-1) -> 0-6 Months | V44: =_xlfn.XLOOKUP(Tablo2[[#This Row],[CashbackAmount]],$W$31:$W$33,$X$31:$X$33,"",-1) -> Medium
A45: 50044 | B45: 0 | C45: 11 | D45: Mobile Phone | E45: 3 | F45: 6 | G45: Debit Card | H45: Female | I45: 2 | J45: 4 | K45: Laptop & Accessory | L45: 2 | M45: Single | N45: 5 | O45: 0 | P45: 22 | Q45: 1 | R45: 1 | S45: 1 | T45: 186.86 | U45: =_xlfn.XLOOKUP(Tablo2[[#This Row],[Tenure]],$W$23:$W$26,$X$23:$X$26,"",-1) -> 7-12 Months | V45: =_xlfn.XLOOKUP(Tablo2[[#This Row],[CashbackAmount]],$W$31:$W$33,$X$31:$X$33,"",-1) -> Medium
... A5631: 55630 | B5631: 0 | C5631: 8 | D5631: Mobile Phone | E5631: 1 | F5631: 15 | G5631: Credit Card | H5631: Male | I5631: 3 | J5631: 2 | K5631: Laptop & Accessory | L5631: 3 | M5631: Married | N5631: 4 | O5631: 0 | P5631: 13 | Q5631: 2 | R5631: 2 | S5631: 3 | T5631: 169.04 | U5631: =_xlfn.XLOOKUP(Tablo2[[#This Row],[Tenure]],$W$23:$W$26,$X$23:$X$26,"",-1) -> 7-12 Months | V5631: =_xlfn.XLOOKUP(Tablo2[[#This Row],[CashbackAmount]],$W$31:$W$33,$X$31:$X$33,"",-1) -> Medium

Sheet Summary Stats
A1: E-COMMERCE CUSTOMER CHURN ANALYSIS - SUMMARY STATISTICS
A3: GENEL BAKIŞ
A4: Total Customers | B4: =COUNTA(Tablo2[Cashback_Segment]) -> 5630
A5: Churned Customers | B5: =COUNTIF(Tablo2[Churn],1) -> 948
A6: Retained Customers | B6: =COUNTIF(Tablo2[Churn],0) -> 4682
A7: Churn Rate % | B7: =B5/B4 -> 0.16838366
A8: Retention Rate % | B8: =B6/B4 -> 0.83161634
A10: CHURN vs RETAINED | B10: Churned | C10: Retained
A11: Avg Tenure | B11: =AVERAGEIF(Tablo2[Churn],1,Tablo2[Tenure]) -> 3.8597046 | C11: =AVERAGEIF(Tablo2[Churn],0,Tablo2[Tenure]) -> 11.404528
A12: Avg Satisfaction Score | B12: =AVERAGEIF(Tablo2[Churn],1,Tablo2[SatisfactionScore]) -> 3.3902954 | C12: =AVERAGEIF(Tablo2[Churn],0,Tablo2[SatisfactionScore]) -> 3.0012815
A13: Avg Cashback Amount | B13: =AVERAGEIF(Tablo2[Churn],1,Tablo2[CashbackAmount]) -> 160.37093 | C13: =AVERAGEIF(Tablo2[Churn],0,Tablo2[CashbackAmount]) -> 180.6352
A14: Avg Order Count | B14: =AVERAGEIF(Tablo2[Churn],1,Tablo2[OrderCount]) -> 2.8080169 | C14: =AVERAGEIF(Tablo2[Churn],0,Tablo2[OrderCount]) -> 2.9929517
A15: Complain Rate % | B15: =AVERAGEIF(Tablo2[Churn],1,Tablo2[Complain]) -> 0.53586498 | C15: =AVERAGEIF(Tablo2[Churn],0,Tablo2[Complain]) -> 0.234088
A16: Avg Day Since Last Order | B16: =AVERAGEIF(Tablo2[Churn],1,Tablo2[DaySinceLastOrder]) -> 3.2225738 | C16: =AVERAGEIF(Tablo2[Churn],0,Tablo2[DaySinceLastOrder]) -> 4.7097394

Sheet Pivot Analysis
A1: Tenure_Group | B1: Churned | C1: Total Churn | D1: Churn Rate %
A2: 0-6 Months | B2: 697 | C2: 2150 | D2: =B2/C2 -> 0.32418605
A3: 7-12 Months | B3: 156 | C3: 1584 | D3: =B3/C3 -> 0.098484848
A4: 13-24 Months | B4: 95 | C4: 1467 | D4: =B4/C4 -> 0.06475801
A5: 24+ Months | B5: 0 | C5: 429 | D5: =B5/C5 -> 0
A6: Genel Toplam | B6: 948 | C6: 5630 | D6: =B6/C6 -> 0.16838366
A9: Complain | B9: Churned | C9: Total Churn | D9: Churn Rate %
A10: 0 | B10: 440 | C10: 4026 | D10: =B10/C10 -> 0.10928962
A11: 1 | B11: 508 | C11: 1604 | D11: =B11/C11 -> 0.31670823
A12: Genel Toplam | B12: 948 | C12: 5630 | D12: =B12/C12 -> 0.16838366
A15: Cashback_Segment | B15: Churned | C15: Total Churn | D15: Churn Rate %
A16: High | B16: 30 | C16: 618 | D16: =B16/C16 -> 0.048543689
A17: Medium | B17: 438 | C17: 3136 | D17: =B17/C17 -> 0.13966837
A18: Low | B18: 480 | C18: 1876 | D18: =B18/C18 -> 0.25586354
A19: Genel Toplam | B19: 948 | C19: 5630 | D19: =B19/C19 -> 0.16838366
A22: PreferredLoginDevice | B22: Churned | C22: Total Churn | D22: Churn Rate %
A23: Mobile Phone | B23: 348 | C23: 2765 | D23: =B23/C23 -> 0.12585895
A24: Computer | B24: 324 | C24: 1634 | D24: =B24/C24 -> 0.19828641
A25: Phone | B25: 276 | C25: 1231 | D25: =B25/C25 -> 0.22420796
A26: Genel Toplam | B26: 948 | C26: 5630 | D26: =B26/C26 -> 0.16838366
A29: MaritalStatus | B29: Churned | C29: Total Churn | D29: Churn Rate %
A30: Divorced | B30: 124 | C30: 848 | D30: =B30/C30 -> 0.14622642
A31: Married | B31: 344 | C31: 2986 | D31: =B31/C31 -> 0.11520429
A32: Single | B32: 480 | C32: 1796 | D32: =B32/C32 -> 0.26726058
A35: PreferedOrderCat | B35: Churned | C35: Total Churn | D35: Churn Rate %
A36: Fashion | B36: 128 | C36: 826 | D36: =B36/C36 -> 0.15496368
A37: Grocery | B37: 20 | C37: 410 | D37: =B37/C37 -> 0.048780488
A38: Laptop & Accessory | B38: 210 | C38: 2050 | D38: =B38/C38 -> 0.10243902
A39: Mobile | B39: 220 | C39: 809 | D39: =B39/C39 -> 0.27194067
A40: Mobile Phone | B40: 350 | C40: 1271 | D40: =B40/C40 -> 0.27537372
A41: Others | B41: 20 | C41: 264 | D41: =B41/C41 -> 0.075757576

Sheet Dashboard
B2: E-COMMERCE CUSTOMER CHURN ANALYSIS
B4: ='Summary Stats'!B7 -> 0.16838366 | H4: ='Summary Stats'!B4 -> 5630 | N4: ='Summary Stats'!B5 -> 948
B7: CHURN RATE | H7: TOTAL CUSTOMERS | N7: CHURNED CUSTOMERS
B9: Tenure Group | C9: Churn Rate % | H9: Complain | I9: Churn Rate %
B10: 0-6 Months | C10: =_xlfn.XLOOKUP(B10,'Pivot Analysis'!A2:A5,'Pivot Analysis'!D2:D5,"0") -> 0.32418605 | H10: No Complain | I10: =_xlfn.XLOOKUP(0,'Pivot Analysis'!A10:A11,'Pivot Analysis'!D10:D11,0) -> 0.10928962
B11: 7-12 Months | C11: =_xlfn.XLOOKUP(B11,'Pivot Analysis'!A3:A6,'Pivot Analysis'!D3:D6,"0") -> 0.098484848 | H11: Complain | I11: =_xlfn.XLOOKUP(1,'Pivot Analysis'!A11:A12,'Pivot Analysis'!D11:D12,0) -> 0.31670823
B12: 13-24 Months | C12: =_xlfn.XLOOKUP(B12,'Pivot Analysis'!A4:A7,'Pivot Analysis'!D4:D7,"0") -> 0.06475801
B13: 24+ Months | C13: =_xlfn.XLOOKUP(B13,'Pivot Analysis'!A5:A8,'Pivot Analysis'!D5:D8,"0") -> 0
H31: Marital Status | I31: Churn Rate %
B32: Cashback Segment | C32: Churn Rate % | H32: Married | I32: =_xlfn.XLOOKUP(H32,'Pivot Analysis'!$A$30:$A$32,'Pivot Analysis'!$D$30:$D$32,0) -> 0.11520429
B33: High | C33: =_xlfn.XLOOKUP(B33,'Pivot Analysis'!A16:A18,'Pivot Analysis'!D16:D18,0) -> 0.048543689 | H33: Divorced | I33: =_xlfn.XLOOKUP(H33,'Pivot Analysis'!$A$30:$A$32,'Pivot Analysis'!$D$30:$D$32,0) -> 0.14622642
B34: Medium | C34: =_xlfn.XLOOKUP(B34,'Pivot Analysis'!A17:A19,'Pivot Analysis'!D17:D19,0) -> 0.13966837 | H34: Single | I34: =_xlfn.XLOOKUP(H34,'Pivot Analysis'!$A$30:$A$32,'Pivot Analysis'!$D$30:$D$32,0) -> 0.26726058
B35: Low | C35: =_xlfn.XLOOKUP(Dashboard!B35,'Pivot Analysis'!A16:A18,'Pivot Analysis'!D16:D18,0) -> 0.25586354

Sheet Insights
A1: E-COMMERCE CUSTOMER CHURN ANALİZİ — TEMEL ANALİZLER VE ÖNERİLER
A3: Bulgu | B3: Veri | C3: Öneri
A4: Yeni müşteriler ilk 6 ayda yüksek churn riski taşıyor | B4: 0-6 ay müşterilerde churn oranı %32 24+ ay müşterilerde %0 | C4: İlk 6 ay için özel paket programı ve hoşgeldin kampanyası oluşturulmalı
A5: Şikayet açan müşteriler 3 kat daha fazla churn ediyor | B5: Şikayet var: %32 churn — Şikayet yok: %11 churn | C5: Şikayet açıldığı anda 24 saat içinde çözüm garantisi sunulmalı
A6: Düşük cashback alan müşteriler yüksek risk altında | B6: Low cashback: %26 churn — High cashback: %5 churn | C6: Cashback programı genişletilmeli, özellikle Low segmentteki müşterilere hedefli kampanya yapılmalı
A7: Bekar müşteriler evlilere göre 2 kat daha fazla churn ediyor | B7: Single: %27 — Married: %12 | C7: Bekar müşterilere özel sosyal kampanyalar ve sadakat programları tasarlanmalı
A8: Mobil uygulama kullanıcıları daha sadık | B8: Mobile Phone: %13 — Phone: %22 | C8: Müşteriler mobil uygulamaya yönlendirilmeli, uygulama içi özel teklifler sunulmalı
A9: Telefon/mobil ürün kategorisi en yüksek churn segmenti | B9: Mobile & Mobile Phone kategorisi: ~%28 churn | C9: Bu kategoride fiyat rekabeti analizi yapılmalı, rakip fiyat takibi ve eşleştirme politikası değerlendirilmeli
E10: Veri Kalitesi Notu:
E17: Metodoloji:
